"reviewid","content","score","app_name"
"6422f735-30bc-40bd-ba7f-ecb2fb3804f0","Constantly getting an error ""your money has not been debited"" even though the app is updated and linked account has sufficient amount required for the transaction. Yes the internet is working properly as well..!!!",1,"gpay"
"397c55ac-0ea7-46b3-94a2-ed7af6e44f15","This app sucks and is completely redundant. Why would you use this app instead of simply using the card that it wants you to link into it. Which by the way creates yet another layer of vulnerability to compromise your accounts and money. Then there is the issue if trying to use it in lieu of having a card. Try using it to directly access your checking account and you have to wait days for it to load your money from your account into the app. Definitely not any form of convenience.",1,"gpay"
"fab1f7f9-6691-46a7-bc22-8c0ef7baf413","After the last update, QR scanner no longer works, clicking on anything in the QR scanner section (like turning on flash or scanning from image) gives an error ""Oops, something went wrong"". Kindly look into this issue as soon as possible. Edit: Yes, the internet connection is good. This only started happening in the last update. My bank app's QR scanner works just fine. Same Issue for many of them, Please fix it.",1,"gpay"
"853fb2be-556f-4b08-8bbb-ddb9f763e804","It was going great using gpay, but today out of nowhere my UPI pin wasn't working when I went to recharge my phone, I tried to reset but it keeps showing retry or something went wrong. Now I've to wait for 24hours to even do anything about it. Any second any emergency can occur and this happened. Annoyed.",1,"gpay"
"ff0a7daa-0394-45bd-99e9-c50111fd44ac","I have been using this app since 2 yrs... It always worked smoothly but last month transaction of mine has let me put 1 star to this app as till now it has no answer where my money went... It shows it's refunded but i haven't received in my account nor on the receivers account and the team says that they will paas this issue here and there and look after it but till now no result. Highly dissatisfied with the services provided",1,"gpay"
"c1b8113e-dc33-42c6-bd95-b81c823d3e12","From last few years I use only Paytm app for UPI transfer. But for the last two-three months, no big amount transfer is happening. Every time the same reason is given that the transaction has been declined due to suspicious activity at your current location. I also tried to complain about it but even there the online complaint mechanism is not accepting this complaint. Then I tried to call on customer care,there they have made such a complicated mechanism that the call is not going through .",1,"paytm"
"3fcb31f2-9c25-48cc-b7a4-d199778ba010","Update: As requested contacted the developers with all the details sought by them. However they just ignore and never reachout. One of the worst cust service I've ever experienced. Have been using this app since ages but I've been forcefully logged out and am being asked to login again. When trying to login it says you cannot login on this version of app. I uninstalled and again installed the app but getting same message again and again although the app is already up to date. Very disappointed.",1,"paytm"
"60df685b-c310-481a-b1a5-94cad1a3c335","Paytm's user interface (UI) is a disappointing and frustrating experience. The cluttered design and lack of organization make it difficult to find what you're looking for. Navigating through the app feels cumbersome and unintuitive, leaving users feeling lost and overwhelmed. The visual aesthetics are unappealing, with an outdated and confusing color scheme. Paytm's UI is in dire need of a major overhaul to provide",1,"paytm"
"ce2c45c9-faf8-4283-87ae-bc94596f3f01","The Paytm app has stopped working since a week. Whenever I try to open it , it first prompts to proceed securely along with the phone no. When 'proceed securely' is opted, a msg.is flashed to update the app as log-in is not possible on the older version. When update is opted, mostly update option isn't there in the interface or once it took so much time without any result. When so many people are complaining about it, why don't you take quick & effective steps to sort out the issue",1,"paytm"
"8c37be7a-401f-431b-a80f-5b13a0c641dd","It was the good experience with the PayTM, but the have removed the option of adding amount with debit cards. This is make very disappointed. I am planning to switch to other online payment options.",1,"paytm"
"3d1fa78c-f96a-4036-9d68-d31df006f3d9","I recently traveled to India and wanted to use PhonePe for my financial transactions. However, my experience with PhonePe has been extremely frustrating and disappointing. PhonePe is simply unbelievable and feels like a scam. Firstly, I was able to top-up my PhonePe wallet using my sister's credit card, which seemed convenient at the time. However, to my dismay, I discovered that I couldn't use the funds anywhere or even refund bcos,this phone number is not connected to any bank account.",1,"phonepe"
"0889a605-b34b-4964-be32-f2226f78dc73","It was fine until a few days ago. But now, every time I open the app, it's asking me to create an a/c again and again. Earlier, I used to have 2 bank a/cs with two different phone no's registered on phonepe & I could transfer within those banks. But now, when I try to add a 2nd bank, it says the registered number is different. And all the old transactions are erased. Even If iI raise a ticket, there's no use. Can't contact them directly either. Banks has nothing to do with it. You're the problem",1,"phonepe"
"d9231f4e-263a-4de0-93a8-aeef7566bd18","The metro extension on this app is absolute waste on time. It doesn't work properly, i had to take a normal ticket even though I have paid for the trips earlier through this app. Absolute worst experience. If you can't handle all the accounts, please don't provide this option👎👎",1,"phonepe"
"a429f0ad-0fed-4698-aac4-9334206e4338","Could have given zero if there is an option. Worst customer support ever experienced. My money is debited from autopay two times but my disney hotstar account didnt renewed both the times. I tried contacting customer care but they didnt even responded. I raised a ticket also. Without solving the issue, it is showing that the isssue is resolved.",1,"phonepe"
"6edd654c-5b77-442a-929b-e6f5d800b945","Gives fake messages of recharge expiring sooner than when it is due. had me recharging my phone plan 2 more times than required. P.s. I'm not communicating it to your team to some email. do it yourselves! Also lost money on recharge whose value i never recieved but it got debited. i raised tickets but bot chat was most useless, i tried several times but no. amd after 60 days they won't entertain my complaint. i have lost money, time and my peace of mind",1,"phonepe"
