"reviewid","content","score","app_name"
"67ac82ca-0c4e-4a2b-b993-dc3c1db979e5","""The GPay app is an absolute game-changer when it comes to seamless and secure digital payments! It has revolutionized the way I handle transactions, making everything incredibly convenient and hassle-free. With its user-friendly interface and robust security measures, I feel confident and at ease using GPay for all my financial needs. Thank you, GPay, for simplifying the way we pay and for making our lives so much easier!""",5,"gpay"
"2df85cc1-b922-4608-9fb8-5d027ed35cf0","Gpay dhamaka The app is actually beautiful. The designs, the graphics, music and the lore is amazing. But some changes would be really really nice. First thing being, increasing the resin and condensed resin cap and the map markers. Secondly, the artifact grind is very boring and repetitive, it would be nice to have some other way of receiving and rerolling artifacts. Ofcourse, someone balancing patches would be great to adjust the older characters so they remain relevant with the current state",5,"gpay"
"6fa56383-38c9-4454-892d-817d6f2be3ec","This is a very easy and convenient app. I can do everything. But only one probkem i am facing. For my public transport MTA payment i can not do it using my discover credit card. I can select my bank debit card and it work. On the other hand if I use credit card directly to machine it work. On the contrary, I can use Google Pay for using discover card for groceries. I don't know what to do. Now I am 98%. If I an solved it will be 100%. Please .",5,"gpay"
"5408204c-71dd-4aae-b357-0c2632c79992","I really love this app it is really easy to use and conviniant but recently I've been facing some problems . I can't do any kind of transactions and can't check my balance . Please help i am totally depende on this app. Pleasssssssse help.",5,"gpay"
"07910b45-4825-4fdb-8592-dd80340fac57","Hello! I was finding a way to download the Google Pay India, transaction history in xls. / pdf format but couldn't find.  I approached the customer care but they directed that the feature is not available.  I would suggest that a feature for downloading transaction History feature be available at the soonest for easy Access.  Thank you.",5,"gpay"
"679d9ce1-3137-4e03-9807-19e4e439b88d","Easy to use and have amazing features. You can check balance, transfer money to your friends & family, request .",5,"paytm"
"b5edfbf2-4a8f-40c7-8496-4f50b10ca773","I have been using Paytm for several years now, and I must say it is an absolutely amazing platform that has transformed the way I handle my finances. From its seamless user interface to its extensive range of services, Paytm has proven to be a one-stop solution for all my banking, payment, and shopping needs.",5,"paytm"
"0b5455f9-a87a-477b-9e55-5ec63cf630ad","Nice nd easy to use in times of need ...",5,"paytm"
"9c10d2b0-ad1e-4397-aba5-131dc92c48fb","This is very easy to use this is best application for payments",5,"paytm"
"be652a12-ce7c-411c-a335-e9abe4d0a385","When I queried my friends why they don't use paytm, their response is that it takes lots of time to load and in slow internet it never loads. Phonepe doesn't have this issue. Paytm UI team should focus on loading time to improve the ease of use. Also I believe that paytm should stop changing the UI frequently. The frequency of major UI update should more than 2 years.",5,"paytm"
"d2b097cd-30af-45ee-8067-36be0109b408","Very useful for daily transactions.",5,"phonepe"
"65c90168-6e5b-49e3-8468-7419e4e3cb8f","Have been using it for more than 6 year+, this is truly one of the best payment app. Neat and simple to use. I am an email guy, I like the email notifications and payment success confirmations. Technology wise it's excellent, shows the payment done along with transaction ID, if something fails, the payment gets reverted back immediately. All the transactions can be easily viewed in the history tab.",5,"phonepe"
"141909a4-fe10-4b7c-9743-30b1e2f2e575","Excellent experience , PhonePe is really really great, very easy to use, and does a whole lot of functions like mobile recharge, bill pay, transfer money from one account to the other account etc etc. I think the PhonePe app is the best app and every person must use the PhonePe app.",5,"phonepe"
"5416a9a1-19b6-4067-8c36-317e0b37f4d2","I have been very happy with this app.It is easy,fast and reliable. Lately I have been facing an issue.The scan option is not working.I updated my phone,went to app store tosee whether tha app has any updates.No updates mentioned.What do I do to get my scan option to work.It hasbecomevery inconvenient without it.",5,"phonepe"
"268985e2-7eca-42b4-95d8-1ac7f858b689","It is one of the best money transfer app which I used... In this time the app is not only money transfer app there are so many new features like pure Gold, silver buy options, insurance , and so on...but sometimes it doesn't work properly money debited from the bank and the receiver couldn't received money... I think this problem should be solved... it was great & trustworthy app I have used this app since 2018....",5,"phonepe"
